{
  "summary": {
    "generatedon": "2024-03-07T03:58:29Z",
    "parser": "MultiReportParser (2x OpenCoverParser)",
    "assemblies": 2,
    "classes": 41,
    "files": 41,
    "coveredlines": 313,
    "uncoveredlines": 2126,
    "coverablelines": 2439,
    "totallines": 4332,
    "linecoverage": 12.8,
    "coveredbranches": 0,
    "totalbranches": 0,
    "coveredmethods": 36,
    "totalmethods": 277,
    "methodcoverage": 12.9
 },
  "coverage": {
    "assemblies": [
      { "name": "Assembly-CSharp", "classes": 36, "coverage": 6.6, "coveredlines": 132, "coverablelines": 1997, "totallines": 3593, "branchcoverage": null, "coveredbranches": 0, "totalbranches": 0, "methodcoverage": 7.8, "coveredmethods": 18, "totalmethods": 228, "classesinassembly": [
        { "name": "ARCameraInfo", "coverage": 0, "coveredlines": 0, "coverablelines": 52, "totallines": 76, "branchcoverage": null, "coveredbranches": 0, "totalbranches": 0, "methodcoverage": 0, "coveredmethods": 0, "totalmethods": 6 },
        { "name": "AuthManager", "coverage": 0, "coveredlines": 0, "coverablelines": 149, "totallines": 261, "branchcoverage": null, "coveredbranches": 0, "totalbranches": 0, "methodcoverage": 0, "coveredmethods": 0, "totalmethods": 9 },
        { "name": "BuildingClickHandler", "coverage": 0, "coveredlines": 0, "coverablelines": 3, "totallines": 15, "branchcoverage": null, "coveredbranches": 0, "totalbranches": 0, "methodcoverage": 0, "coveredmethods": 0, "totalmethods": 1 },
        { "name": "BuildingLocation", "coverage": 0, "coveredlines": 0, "coverablelines": 1, "totallines": 12, "branchcoverage": null, "coveredbranches": 0, "totalbranches": 0, "methodcoverage": 0, "coveredmethods": 0, "totalmethods": 1 },
        { "name": "ChatHelper", "coverage": 0, "coveredlines": 0, "coverablelines": 3, "totallines": 10, "branchcoverage": null, "coveredbranches": 0, "totalbranches": 0, "methodcoverage": 0, "coveredmethods": 0, "totalmethods": 1 },
        { "name": "ClickManager", "coverage": 3.1, "coveredlines": 2, "coverablelines": 63, "totallines": 108, "branchcoverage": null, "coveredbranches": 0, "totalbranches": 0, "methodcoverage": 9, "coveredmethods": 1, "totalmethods": 11 },
        { "name": "Event", "coverage": 100, "coveredlines": 23, "coverablelines": 23, "totallines": 39, "branchcoverage": null, "coveredbranches": 0, "totalbranches": 0, "methodcoverage": 100, "coveredmethods": 3, "totalmethods": 3 },
        { "name": "EventCarousel", "coverage": 0, "coveredlines": 0, "coverablelines": 63, "totallines": 93, "branchcoverage": null, "coveredbranches": 0, "totalbranches": 0, "methodcoverage": 0, "coveredmethods": 0, "totalmethods": 5 },
        { "name": "EventCarouselCell", "coverage": 0, "coveredlines": 0, "coverablelines": 16, "totallines": 39, "branchcoverage": null, "coveredbranches": 0, "totalbranches": 0, "methodcoverage": 0, "coveredmethods": 0, "totalmethods": 3 },
        { "name": "EventCarouselData", "coverage": 0, "coveredlines": 0, "coverablelines": 9, "totallines": 15, "branchcoverage": null, "coveredbranches": 0, "totalbranches": 0, "methodcoverage": 0, "coveredmethods": 0, "totalmethods": 4 },
        { "name": "EventDetailViewManager", "coverage": 0, "coveredlines": 0, "coverablelines": 85, "totallines": 143, "branchcoverage": null, "coveredbranches": 0, "totalbranches": 0, "methodcoverage": 0, "coveredmethods": 0, "totalmethods": 9 },
        { "name": "EventManager", "coverage": 0, "coveredlines": 0, "coverablelines": 199, "totallines": 298, "branchcoverage": null, "coveredbranches": 0, "totalbranches": 0, "methodcoverage": 0, "coveredmethods": 0, "totalmethods": 16 },
        { "name": "FirebaseInit", "coverage": 0, "coveredlines": 0, "coverablelines": 11, "totallines": 24, "branchcoverage": null, "coveredbranches": 0, "totalbranches": 0, "methodcoverage": 0, "coveredmethods": 0, "totalmethods": 2 },
        { "name": "FriendManager", "coverage": 0, "coveredlines": 0, "coverablelines": 217, "totallines": 322, "branchcoverage": null, "coveredbranches": 0, "totalbranches": 0, "methodcoverage": 0, "coveredmethods": 0, "totalmethods": 19 },
        { "name": "GeoCoordinatePortable.GeoCoordinate", "coverage": 0, "coveredlines": 0, "coverablelines": 100, "totallines": 341, "branchcoverage": null, "coveredbranches": 0, "totalbranches": 0, "methodcoverage": 0, "coveredmethods": 0, "totalmethods": 27 },
        { "name": "InputFieldHandler", "coverage": 0, "coveredlines": 0, "coverablelines": 39, "totallines": 78, "branchcoverage": null, "coveredbranches": 0, "totalbranches": 0, "methodcoverage": 0, "coveredmethods": 0, "totalmethods": 6 },
        { "name": "Lecture", "coverage": 100, "coveredlines": 17, "coverablelines": 17, "totallines": 27, "branchcoverage": null, "coveredbranches": 0, "totalbranches": 0, "methodcoverage": 100, "coveredmethods": 3, "totalmethods": 3 },
        { "name": "LectureCarousel", "coverage": 0, "coveredlines": 0, "coverablelines": 53, "totallines": 83, "branchcoverage": null, "coveredbranches": 0, "totalbranches": 0, "methodcoverage": 0, "coveredmethods": 0, "totalmethods": 5 },
        { "name": "LectureCarouselCell", "coverage": 0, "coveredlines": 0, "coverablelines": 16, "totallines": 39, "branchcoverage": null, "coveredbranches": 0, "totalbranches": 0, "methodcoverage": 0, "coveredmethods": 0, "totalmethods": 3 },
        { "name": "LectureCarouselData", "coverage": 0, "coveredlines": 0, "coverablelines": 9, "totallines": 15, "branchcoverage": null, "coveredbranches": 0, "totalbranches": 0, "methodcoverage": 0, "coveredmethods": 0, "totalmethods": 4 },
        { "name": "LectureDetailViewManager", "coverage": 0, "coveredlines": 0, "coverablelines": 77, "totallines": 126, "branchcoverage": null, "coveredbranches": 0, "totalbranches": 0, "methodcoverage": 0, "coveredmethods": 0, "totalmethods": 9 },
        { "name": "LectureManager", "coverage": 0, "coveredlines": 0, "coverablelines": 184, "totallines": 282, "branchcoverage": null, "coveredbranches": 0, "totalbranches": 0, "methodcoverage": 0, "coveredmethods": 0, "totalmethods": 16 },
        { "name": "MenuManager", "coverage": 0, "coveredlines": 0, "coverablelines": 33, "totallines": 56, "branchcoverage": null, "coveredbranches": 0, "totalbranches": 0, "methodcoverage": 0, "coveredmethods": 0, "totalmethods": 8 },
        { "name": "Message", "coverage": 0, "coveredlines": 0, "coverablelines": 3, "totallines": 13, "branchcoverage": null, "coveredbranches": 0, "totalbranches": 0, "methodcoverage": 0, "coveredmethods": 0, "totalmethods": 3 },
        { "name": "Pagination[T]", "coverage": 95.8, "coveredlines": 70, "coverablelines": 73, "totallines": 109, "branchcoverage": null, "coveredbranches": 0, "totalbranches": 0, "methodcoverage": 100, "coveredmethods": 9, "totalmethods": 9 },
        { "name": "ScrollViewItem", "coverage": 0, "coveredlines": 0, "coverablelines": 7, "totallines": 27, "branchcoverage": null, "coveredbranches": 0, "totalbranches": 0, "methodcoverage": 0, "coveredmethods": 0, "totalmethods": 2 },
        { "name": "SettingsManager", "coverage": 0, "coveredlines": 0, "coverablelines": 246, "totallines": 479, "branchcoverage": null, "coveredbranches": 0, "totalbranches": 0, "methodcoverage": 0, "coveredmethods": 0, "totalmethods": 15 },
        { "name": "SignalRConnector", "coverage": 0, "coveredlines": 0, "coverablelines": 13, "totallines": 51, "branchcoverage": null, "coveredbranches": 0, "totalbranches": 0, "methodcoverage": 0, "coveredmethods": 0, "totalmethods": 2 },
        { "name": "SignalRService", "coverage": 0, "coveredlines": 0, "coverablelines": 18, "totallines": 35, "branchcoverage": null, "coveredbranches": 0, "totalbranches": 0, "methodcoverage": 0, "coveredmethods": 0, "totalmethods": 6 },
        { "name": "SpawnOnMap", "coverage": 3.2, "coveredlines": 1, "coverablelines": 31, "totallines": 60, "branchcoverage": null, "coveredbranches": 0, "totalbranches": 0, "methodcoverage": 33.3, "coveredmethods": 1, "totalmethods": 3 },
        { "name": "TargetBuilding", "coverage": 0, "coveredlines": 0, "coverablelines": 10, "totallines": 24, "branchcoverage": null, "coveredbranches": 0, "totalbranches": 0, "methodcoverage": 0, "coveredmethods": 0, "totalmethods": 3 },
        { "name": "TextBox", "coverage": 0, "coveredlines": 0, "coverablelines": 21, "totallines": 40, "branchcoverage": null, "coveredbranches": 0, "totalbranches": 0, "methodcoverage": 0, "coveredmethods": 0, "totalmethods": 2 },
        { "name": "ToggleManager", "coverage": 0, "coveredlines": 0, "coverablelines": 27, "totallines": 49, "branchcoverage": null, "coveredbranches": 0, "totalbranches": 0, "methodcoverage": 0, "coveredmethods": 0, "totalmethods": 3 },
        { "name": "UIManager", "coverage": 0, "coveredlines": 0, "coverablelines": 19, "totallines": 37, "branchcoverage": null, "coveredbranches": 0, "totalbranches": 0, "methodcoverage": 0, "coveredmethods": 0, "totalmethods": 3 },
        { "name": "User", "coverage": 100, "coveredlines": 19, "coverablelines": 19, "totallines": 38, "branchcoverage": null, "coveredbranches": 0, "totalbranches": 0, "methodcoverage": 100, "coveredmethods": 1, "totalmethods": 1 },
        { "name": "Utilities", "coverage": 0, "coveredlines": 0, "coverablelines": 88, "totallines": 129, "branchcoverage": null, "coveredbranches": 0, "totalbranches": 0, "methodcoverage": 0, "coveredmethods": 0, "totalmethods": 5 } ] },
      { "name": "Assembly-CSharp-Editor", "classes": 5, "coverage": 40.9, "coveredlines": 181, "coverablelines": 442, "totallines": 739, "branchcoverage": null, "coveredbranches": 0, "totalbranches": 0, "methodcoverage": 36.7, "coveredmethods": 18, "totalmethods": 49, "classesinassembly": [
        { "name": "AddVuforiaEnginePackage", "coverage": 0, "coveredlines": 0, "coverablelines": 261, "totallines": 478, "branchcoverage": null, "coveredbranches": 0, "totalbranches": 0, "methodcoverage": 0, "coveredmethods": 0, "totalmethods": 31 },
        { "name": "EventTest", "coverage": 100, "coveredlines": 27, "coverablelines": 27, "totallines": 42, "branchcoverage": null, "coveredbranches": 0, "totalbranches": 0, "methodcoverage": 100, "coveredmethods": 3, "totalmethods": 3 },
        { "name": "LectureTest", "coverage": 100, "coveredlines": 21, "coverablelines": 21, "totallines": 36, "branchcoverage": null, "coveredbranches": 0, "totalbranches": 0, "methodcoverage": 100, "coveredmethods": 3, "totalmethods": 3 },
        { "name": "PaginationTest", "coverage": 100, "coveredlines": 89, "coverablelines": 89, "totallines": 121, "branchcoverage": null, "coveredbranches": 0, "totalbranches": 0, "methodcoverage": 100, "coveredmethods": 8, "totalmethods": 8 },
        { "name": "UserTest", "coverage": 100, "coveredlines": 44, "coverablelines": 44, "totallines": 62, "branchcoverage": null, "coveredbranches": 0, "totalbranches": 0, "methodcoverage": 100, "coveredmethods": 4, "totalmethods": 4 } ] } ]
  }
}